Shanghai Jiao Tong University School of Medicine,University of California at San Diego
University of Pennsylvania Perelman School of Medicine,Michigan State University
University of Pennsylvania Perelman School of Medicine,Kawasaki Medical School
University of Pennsylvania Perelman School of Medicine,Graduate School of Medicine
University of Pennsylvania Perelman School of Medicine,Kyoto University
Michigan State University,Kawasaki Medical School
Michigan State University,Graduate School of Medicine
Michigan State University,Kyoto University
Kawasaki Medical School,Graduate School of Medicine
Kawasaki Medical School,Kyoto University
Graduate School of Medicine,Kyoto University
Wageningen University,Faculty of Medicine University of Helsinki
Tamagawa University,The University of Tokyo
Central South University Changsha,Central South University
Central South University Changsha,Zhongshan School of Medicine
Central South University,Zhongshan School of Medicine
Yonsei University College of Medicine,Yale School of Medicine
Washington University School of Medicine,Huazhong Agricultural University
Keck School of Medicine,Seoul National University
Keck School of Medicine,Hanyang University
Keck School of Medicine,University of Southern California Los Angeles
Seoul National University,Hanyang University
Seoul National University,University of Southern California Los Angeles
Hanyang University,University of Southern California Los Angeles
Graceland University,University of North Carolina
Stanford University,Stanford University School of Medicine
The Chinese University of Hong Kong,East China Normal University
University of California San Diego,Harvard Medical School
Chicago Medical School,Rosalind Franklin University of Medicine and Science
Hannover Medical School,Harvard Medical School
Seoul National University College of Medicine,Seoul National University Hospital
Radboud University Medical Center,Harvard Medical School
Fudan University,School of Basic Medical Sciences
Vanderbilt University School of Medicine,National Institutes of Health
Nihon University,Tokushima University Graduate School
Nihon University,Graduate School of Frontier Biosciences
Nihon University,Osaka University
Nihon University,Tokushima University
Tokushima University Graduate School,Graduate School of Frontier Biosciences
Tokushima University Graduate School,Osaka University
Tokushima University Graduate School,Tokushima University
Graduate School of Frontier Biosciences,Osaka University
Graduate School of Frontier Biosciences,Tokushima University
Osaka University,Tokushima University
Northwestern University Feinberg School of Medicine,The University of Chicago
Imperial College School of Medicine,The University of Hong Kong
Columbia University Medical Center,National University of Singapore
Columbia University Medical Center,National University Health System
National University of Singapore,National University Health System
University of California Los Angeles,Sungkyunkwan University School of Medicine
University of California Los Angeles,David Geffen School of Medicine
Sungkyunkwan University School of Medicine,David Geffen School of Medicine
Peking University Health Science Center,School of Basic Medical Sciences
The University of Sydney,Sydney Medical School
Temple University,Muenster University Hospital
The State University of New Jersey Piscataway,University of Santiago de ChileSantiago
Huazhong Agricultural University Wuhan,University of Idaho Moscow
Sichuan University,Nankai University
Sackler School of Medicine,Tel Aviv University
Vanderbilt University School of Medicine,University of Miami Miller School of Medicine
Heidelberg University Hospital,Heidelberg University
Children University Hospital Zurich,University Hospital Zurich
Friedrich Schiller University Jena,Technical University of Denmark
New York University School of Medicine,Massachusetts Institute of Technology
Duke University Medical School,University of North Carolina
Yale University,Harvard University
Yale University,Harvard Medical School
Harvard University,Harvard Medical School
Shanghai Jiao Tong University School of Medicine,Shanghai Jiao Tong University
Washington University School of Medicine,Southern University of Science and Technology
Stanford University,Shanghai Jiaotong University
Jilin University,Hubei University of Technology
Jilin University,University of Chinese Academy of Sciences
Hubei University of Technology,University of Chinese Academy of Sciences
Harvard University,Harvard Medical School
Tongji University,Tongji University School of Medicine
Tongji University,Nantong University
Tongji University,Zhejiang University
Tongji University School of Medicine,Nantong University
Tongji University School of Medicine,Zhejiang University
Nantong University,Zhejiang University
Massachusetts General Hospital and Harvard Medical School,Harvard Medical School
University of Michigan School of Medicine,Massachusetts Institute of Technology
Shenzhen University,Michigan Technological University
Shenzhen University,Henan Agricultural University
Michigan Technological University,Henan Agricultural University
Washington State University,Kyung Hee University
Southern Medical University,The Chinese University of Hong Kong
Michigan State University,North Carolina State University
National University of Singapore,National University Health System
Fuzhou University,Fujian Normal University
Fudan University,Wuhan University
Yale University,Yale University School of Medicine
Yonsei University,Hanyang University
Yonsei University,Yonsei University College of Medicine
Hanyang University,Yonsei University College of Medicine
Johns Hopkins University School of Medicine,Zhejiang University
Johns Hopkins University School of Medicine,New York University
Johns Hopkins University School of Medicine,Massachusetts Institute of Technology
Zhejiang University,New York University
Zhejiang University,Massachusetts Institute of Technology
New York University,Massachusetts Institute of Technology
Model Animal Research Center of Nanjing University,Yulin University
Hiroshima University,Tokyo Medical and Dental University
Hanyang University,Seoul National University
Stanford University,University of Utah School of Medicine
Harvard University,Stanford University
Harvard University,Harvard Medical School
Harvard University,Dalhousie University
Harvard University,University Health Network
Stanford University,Harvard Medical School
Stanford University,Dalhousie University
Stanford University,University Health Network
Harvard Medical School,Dalhousie University
Harvard Medical School,University Health Network
Dalhousie University,University Health Network
Wageningen University,Delft University of Technology
Perelman School of Medicine,School of Veterinary Medicine
Stanford University School of Medicine,Northwestern University Feinberg School of Medicine
Duke University,Duke University Medical Center
Zhengzhou University,Xinxiang Medical University
Johannes Gutenberg University,University of Western Australia
Johannes Gutenberg University,University Medical Center
Johannes Gutenberg University,Harvard Medical School
University of Western Australia,University Medical Center
University of Western Australia,Harvard Medical School
University Medical Center,Harvard Medical School
Yonsei University,Kyung Hee University
Yonsei University,Ewha Womans University School of Medicine
Kyung Hee University,Ewha Womans University School of Medicine
Feinberg School of Medicine,Northwestern University
Feinberg School of Medicine,Harvard University
Northwestern University,Harvard University
China Medical University,National Taiwan University College of Medicine
China Medical University,National Taiwan University Hospital
National Taiwan University College of Medicine,National Taiwan University Hospital
Iwate University,Tokushima University
Sojo University,Osaka University
Cornell University,Harvard University
Curtin University,Virginia Commonwealth University
Curtin University,The University of Western Australia
Virginia Commonwealth University,The University of Western Australia
Pennsylvania State University,Oxford University
Pennsylvania State University,Perelman School of Medicine
Pennsylvania State University,University Park
Oxford University,Perelman School of Medicine
Oxford University,University Park
Perelman School of Medicine,University Park
Duke University,Duke University Medical Center
Xinxiang Medical University,Zhengzhou University of Light Industry
The Second Xiangya Hospital of Central South University,Louisiana State University Health Sciences Center
Tsinghua University,Dalian Medical University
Tsinghua University,Tarim University
Dalian Medical University,Tarim University
Shanghai University,China Agricultural University
Gifu University,Kyoto Prefectural University of Medicine
Johns Hopkins University School of Medicine,Arizona State University
Johns Hopkins University School of Medicine,Massachusetts Institute of Technology
Arizona State University,Massachusetts Institute of Technology
Stanford University,Iowa State University
Fudan University,Second Military Medical University
Fudan University,East China Normal University
Second Military Medical University,East China Normal University
Radboud University Medical Center,Utrecht University
South China Agricultural University Guangzhou,Shanghai Jiao Tong University Shanghai
School of Dental Medicine,Perelman School of Medicine
Nanjing Medical University,Augusta University
Wageningen University,Utrecht University
Kobe University,Keio University
Henan University of Science and Technology,Zhejiang Gongshang University
Jilin University,Stanford University Medical School
Erasmus University Medical Center,University of North Carolina
Erasmus University Medical Center,Boston University
Erasmus University Medical Center,Johns Hopkins University
Erasmus University Medical Center,Leiden University Medical Center
Erasmus University Medical Center,Icahn School of Medicine at Mount Sinai
University of North Carolina,Boston University
University of North Carolina,Johns Hopkins University
University of North Carolina,Leiden University Medical Center
University of North Carolina,Icahn School of Medicine at Mount Sinai
Boston University,Johns Hopkins University
Boston University,Leiden University Medical Center
Boston University,Icahn School of Medicine at Mount Sinai
Johns Hopkins University,Leiden University Medical Center
Johns Hopkins University,Icahn School of Medicine at Mount Sinai
Leiden University Medical Center,Icahn School of Medicine at Mount Sinai
Graduate School of Frontier Biosciences,University Hospital Muenster
Graduate School of Frontier Biosciences,Osaka University
University Hospital Muenster,Osaka University
Dokuz Eylul University,Western Sydney University
Dokuz Eylul University,East Carolina University
Dokuz Eylul University,Cankiri Karatekin University
Western Sydney University,East Carolina University
Western Sydney University,Cankiri Karatekin University
East Carolina University,Cankiri Karatekin University
Heinrich Heine University,Goethe University
Keck School of Medicine,Shanghai Jiaotong University School of Medicine
Keck School of Medicine,University of Southern California
Shanghai Jiaotong University School of Medicine,University of Southern California
The University of Tokyo,Keio University School of Medicine
Graduate School of Frontier Biosciences,Tokushima University
Graduate School of Frontier Biosciences,Osaka University
Tokushima University,Osaka University
Vanderbilt University,Harvard Medical School
Northwestern University,Georgia Institute of Technology
Korea University,Hanyang University
Korea University,Seoul National University
Hanyang University,Seoul National University
Shanghai Jiao Tong University School of Medicine,Yale School of Medicine
National Cheng Kung University,National Tsing Hua University
National Cheng Kung University,Feng Chia University
National Tsing Hua University,Feng Chia University
Yale University,The Rockefeller University
Yale University,Istanbul Bilim University
The Rockefeller University,Istanbul Bilim University
Nanjing Agricultural University,Jiangnan University
Cornell University,Harbin Institute of Technology
New York University,Massachusetts Institute of Technology
Tongji University,Nanjing Medical University
Stanford University School of Medicine,Nanjing Agricultural University
Bilkent University,Hacettepe University
Bilkent University,Hacettepe University Cancer Institute
Hacettepe University,Hacettepe University Cancer Institute
California State University,David Geffen School of Medicine
The First Affiliated Hospital of Shenzhen University,First Affiliated Hospital of Shenzhen University
The Ohio State University,The Ohio State University Medical Center
Tongji University,Zhejiang University
Charles University in Prague,Radboud University Medical Centre
Charles University in Prague,University Hospital of Ghent
Charles University in Prague,Wake Forest School of Medicine
Charles University in Prague,Duke University
Radboud University Medical Centre,University Hospital of Ghent
Radboud University Medical Centre,Wake Forest School of Medicine
Radboud University Medical Centre,Duke University
University Hospital of Ghent,Wake Forest School of Medicine
University Hospital of Ghent,Duke University
Wake Forest School of Medicine,Duke University
University of North Dakota,Sichuan University
University of North Dakota,Nanjing University Medical School
Sichuan University,Nanjing University Medical School
Kumamoto University,Hiroshima University Hospital
Kumamoto University,Hiroshima University
Hiroshima University Hospital,Hiroshima University
The University of Michigan,The University of Tulsa
The Affiliated Luohu Hospital of Shenzhen University,Shenzhen University
The Affiliated Luohu Hospital of Shenzhen University,University of Chinese Academy of Sciences College
The Affiliated Luohu Hospital of Shenzhen University,University of Chinese Academy of Sciences
The Affiliated Luohu Hospital of Shenzhen University,The First Affiliated Hospital of Shenzhen University
Shenzhen University,University of Chinese Academy of Sciences College
Shenzhen University,University of Chinese Academy of Sciences
Shenzhen University,The First Affiliated Hospital of Shenzhen University
University of Chinese Academy of Sciences College,University of Chinese Academy of Sciences
University of Chinese Academy of Sciences College,The First Affiliated Hospital of Shenzhen University
University of Chinese Academy of Sciences,The First Affiliated Hospital of Shenzhen University
Southern Illinois University School of Medicine,The Johns Hopkins University School of Medicine
University of Miami Miller School of Medicine,Tokai University
University of Miami Miller School of Medicine,Central South University
University of Miami Miller School of Medicine,Harvard Medical School
Tokai University,Central South University
Tokai University,Harvard Medical School
Central South University,Harvard Medical School
Keck School of Medicine,Sichuan University
Keck School of Medicine,University of Southern California
Sichuan University,University of Southern California
Singapore National University of Singapore,University of California San Diego
Mie University Life Science Research Center,Mie University Industrial Technology Innovation Institute
Mie University Life Science Research Center,Mie University Graduate School of Medicine
Mie University Industrial Technology Innovation Institute,Mie University Graduate School of Medicine
The University of Adelaide,Harvard Medical School
Tongji University,Tongji University School of Medicine
Tongji University,University of California Los Angeles
Tongji University,Shanghai Jiao Tong University
Tongji University,David Geffen School of Medicine
Tongji University School of Medicine,University of California Los Angeles
Tongji University School of Medicine,Shanghai Jiao Tong University
Tongji University School of Medicine,David Geffen School of Medicine
University of California Los Angeles,Shanghai Jiao Tong University
University of California Los Angeles,David Geffen School of Medicine
Shanghai Jiao Tong University,David Geffen School of Medicine
Juntendo University,The University of Tokyo
Mie University Life Science Research Center,Mie University Industrial Technology Innovation Institute
Mie University Life Science Research Center,Mie University Graduate School of Medicine
Mie University Industrial Technology Innovation Institute,Mie University Graduate School of Medicine
Jinan University,Monash University
Huazhong University of Science and Technology,David Geffen School of Medicine
Poznan University of Life Sciences,School of Life Sciences Weihenstephan
King Saud University,Dalhousie University
National Institutes of Health,University of Massachusetts Medical
The University of Hong Kong,University Medical Centre Utrecht
The University of Hong Kong,The Chinese University of Hong Kong
University Medical Centre Utrecht,The Chinese University of Hong Kong
the State University of New Jersey,Purdue University
University Medical Center Gottingen,Goethe University
Osaka University,Osaka University Graduate School of Medicine
Wuhan University,Huazhong University of Science and Technology
East Carolina University,Shanghai Jiao Tong University
Cardiff University,Cardiff University School of Medicine
East Carolina University,Brody School of Medicine
Icahn School of Medicine at Mount Sinai,University of California Irvine
Tongji University,South Dakota State University
Tongji University,Wenzhou Medical University
South Dakota State University,Wenzhou Medical University
Jichi Medical University,Tokyo University of Agriculture
Technical University of Lodz,Jagiellonian University
Fudan University,The Chinese University of Hong Kong
Harvard University,Harvard Medical School
The University of Tokyo,Nagasaki University
The University of Tokyo,Hokkaido University
The University of Tokyo,Fujita Health University School of Medicine
The University of Tokyo,Kyoto University
The University of Tokyo,Graduate School of Medicine
Nagasaki University,Hokkaido University
Nagasaki University,Fujita Health University School of Medicine
Nagasaki University,Kyoto University
Nagasaki University,Graduate School of Medicine
Hokkaido University,Fujita Health University School of Medicine
Hokkaido University,Kyoto University
Hokkaido University,Graduate School of Medicine
Fujita Health University School of Medicine,Kyoto University
Fujita Health University School of Medicine,Graduate School of Medicine
Kyoto University,Graduate School of Medicine
Wake Forest School of Medicine,Jiangsu University
Tongji University School of Medicine,University of Massachusetts School of Medicine
Chicago Medical School,Rosalind Franklin University of Medicine and Science
Wageningen University,Northeastern University
The State University of New Jersey,National Institutes of Health
The State University of New Jersey,Harvard Medical School
The State University of New Jersey,Massachusetts Institute of Technology
National Institutes of Health,Harvard Medical School
National Institutes of Health,Massachusetts Institute of Technology
Harvard Medical School,Massachusetts Institute of Technology
Yunnan University,Nanjing Agricultural University
Yunnan University,Purdue University
Nanjing Agricultural University,Purdue University
Zulfiqar Ali Bhutto Medical University,Huazhong Agricultural University
Massachusetts Institute of Technology,Harvard Medical School
Georgia State University,The University of North Carolina
Harvard Medical School and Massachusetts General Hospital,School of Clinical Medicine
Harvard Medical School and Massachusetts General Hospital,University College London
School of Clinical Medicine,University College London
Massachusetts General Hospital and Harvard Medical School,Harvard Medical School
New York University School of Medicine,New York University
Hiroshima University,Kyushu Institute of Technology
Philipps University Marburg,University Medical Centre
University of California Los Angeles,Stanford University School of Medicine
Medical University Innsbruck,Princeton University
Medical University Innsbruck,Paracelsus Medical University
Princeton University,Paracelsus Medical University
Xiamen University,Northeast Agricultural University
Xiamen University,University of California San Diego
Northeast Agricultural University,University of California San Diego
University of Colorado School of Medicine,University of Pittsburgh School of Medicine
Fukuoka University,Soochow University
Fukuoka University,Nanjing Medical University
Fukuoka University,University of California Davis
Fukuoka University,Nanjing University
Soochow University,Nanjing Medical University
Soochow University,University of California Davis
Soochow University,Nanjing University
Nanjing Medical University,University of California Davis
Nanjing Medical University,Nanjing University
University of California Davis,Nanjing University
Columbia University Medical Center,Shanxi Medical University
Columbia University Medical Center,Columbia University
Shanxi Medical University,Columbia University
USA Stanford Genome Technology Center,Stanford University School of Medicine
Keck School of Medicine,Lund University
Keck School of Medicine,University of Southern California Norris Comprehensive Cancer Center
Keck School of Medicine,University of Sao Paulo
Lund University,University of Southern California Norris Comprehensive Cancer Center
Lund University,University of Sao Paulo
University of Southern California Norris Comprehensive Cancer Center,University of Sao Paulo
Australian National University,Medical School
Jilin University,Shenzhen Institutes of Advanced Technology and Key Lab for Health Informatics
Jilin University,University of Chinese Academy of Sciences
Shenzhen Institutes of Advanced Technology and Key Lab for Health Informatics,University of Chinese Academy of Sciences
Charite Medical University Berlin,Hannover Medical School
Huazhong Agricultural University,Louisiana State University
Huazhong Agricultural University,School of Veterinary Medicine
Louisiana State University,School of Veterinary Medicine
The Ohio State University,Duke University
The Ohio State University,Emory University
Duke University,Emory University
Montana State University,North Carolina State University
Shandong University,Shenzhen University 1stAffiliated Hospital
Brigham Young University,Nevada Institute of Personalized Medicine and School of Life Sciences
Third Military Medical University,Chongqing University
Chalmers University of Technology,Technical University of Denmark
Harvard Medical School,Hannover Medical School
Massachusetts Institute of Technology,Boston University
Massachusetts Institute of Technology,Cornell University
Massachusetts Institute of Technology,Harvard Medical School
Massachusetts Institute of Technology,Arizona State University
Massachusetts Institute of Technology,Harvard University
Boston University,Cornell University
Boston University,Harvard Medical School
Boston University,Arizona State University
Boston University,Harvard University
Cornell University,Harvard Medical School
Cornell University,Arizona State University
Cornell University,Harvard University
Harvard Medical School,Arizona State University
Harvard Medical School,Harvard University
Arizona State University,Harvard University
Vilnius University,Lithuanian University of Health Sciences
Monash University,University of Western Australia
Hanyang University,Seoul National University
Stanford University School of Medicine,David Geffen School of Medicine
Boston University and Boston Medical Center,Boston University School of Public Health
Boston University and Boston Medical Center,Boston University School of Medicine
Boston University School of Public Health,Boston University School of Medicine
Sackler School of Medicine,Tel Aviv University
Hokkaido University Graduate School of Medicine,Columbia University
University of British Columbia,National University of Singapore
Massachusetts Institute of Technology,Harvard Medical School
School of Chinese Medicine,Hong Kong Baptist University
South China Agricultural University,Guangxi University
Model Animal Research Center of Nanjing University,Peking University
National Institutes of Health,The University of Tokyo
National Institutes of Health,Bonn Medical School
National Institutes of Health,Massachusetts Institute of Technology
The University of Tokyo,Bonn Medical School
The University of Tokyo,Massachusetts Institute of Technology
Bonn Medical School,Massachusetts Institute of Technology
Tongji University School of Medicine,Nanchang University
Monash University,The University of Melbourne
Oxford University,Indiana University School of Medicine
Jilin University,The First Hospital of Jilin University
Jilin University,Wayne State University School of Medicine
The First Hospital of Jilin University,Wayne State University School of Medicine
Boston University School of Medicine,Massachusetts Institute of Technology
Tsinghua University,Harbin Institute of Technology
The Brody School of Medicine,East Carolina University
Hokkaido University,Graduate School of Medicine
Harvard University,Massachusetts Institute of Technology
Columbia University Medical Center,University of California San Diego
Hadassah Hebrew University Hospital,The Catholic University of Korea
National Institutes of Health,University Health Network
Hannover Medical School,University Hospital
Central South University,Creighton University School of Medicine
Texas Tech University Health Sciences Center,Aarhus University
The University of Tokyo,Nagoya University
Icahn School of Medicine at Mount Sinai,Harvard University
Ji Nan University,National Institutes of Health
Ji Nan University,The Chinese University of Hong Kong
National Institutes of Health,The Chinese University of Hong Kong
Cairo University,North Carolina State University
Kagoshima University,Tokai University
Harvard University and Harvard Medical School,Massachusetts Institute of Technology
Yale University,Yale University School of Medicine
Stanford University,Stanford University School of Medicine
Graduate School of Life Sciences,Tohoku University
Wenzhou Medical University,Emory University School of Medicine
Wenzhou Medical University,Zhejiang University
Emory University School of Medicine,Zhejiang University
University Hospital Mannheim,Heidelberg University
Shanghai Ocean University,Michigan State University
Central South University,Shanghai Jiao Tong University
Temple University School of Medicine,University of Pittsburgh School of Medicine
Sultan Qaboos University Hospital,Sultan Qaboos University
Chongqing Medical University,Southwest University
Cardiff University School of Medicine,Capital Medical University
Federal University of Pelotas Pelotas,University of Illinois Cancer Center
Federal University of Pelotas Pelotas,University of Illinois at ChicagoChicago
University of Illinois Cancer Center,University of Illinois at ChicagoChicago
Odense University Hospital,Stanford University
Odense University Hospital,University of Southern Denmark
Stanford University,University of Southern Denmark
Massachusetts Institute of Technology,Harvard Medical School
Ryerson University,University of North Carolina
University Hospital Regensburg,Erasmus University Medical Center
University Hospital Regensburg,The University of New South Wales
Erasmus University Medical Center,The University of New South Wales
Southern Medical University,East China Normal University
Zhengzhou University,Queen Mary University of London
Stanford University,Stanford University School of Medicine
Sackler School of Medicine,Tel Aviv University
Sackler School of Medicine,Umea University
Tel Aviv University,Umea University
Stanford University,Stanford University School of Medicine
Jawaharlal Nehru University,India School of Life Sciences
The University of Georgia,Vanderbilt University
Tokyo Medical and Dental University,Niigata University School of Medicine
Kurume University,Kyushu University
Harvard Medical School,Massachusetts Institute of Technology
Harvard Medical School,Massachusetts Institute of Technology
Ghent University,Ghent University Hospital
Shinshu University,The University of Tokyo
Harvard University,Tufts University
Sri Ramachandra University,University Hospital Muenster
Northeast Normal University,Wenzhou Medical University
Wenzhou Medical University,Emory University School of Medicine
Wenzhou Medical University,Shanghai Jiaotong University
Wenzhou Medical University,Zhejiang University
Emory University School of Medicine,Shanghai Jiaotong University
Emory University School of Medicine,Zhejiang University
Shanghai Jiaotong University,Zhejiang University
The Johns Hopkins University,University of Maryland School of Medicine
Perelman School of Medicine,Harvard Medical School
Jilin University,Northeastern University
University of Applied Sciences Mittelhessen,Justus Liebig University Giessen
University of Applied Sciences Mittelhessen,Kansas State University
Justus Liebig University Giessen,Kansas State University
Feinberg School of Medicine,Northwestern University
Feinberg School of Medicine,Princeton University
Northwestern University,Princeton University
University of Michigan Health System,Cornell University
Keck School of Medicine,University of Southern California
Keck School of Medicine,Second Military Medical University
University of Southern California,Second Military Medical University
Indiana University,Montana State University
Paris Descartes University,Duke University Medical Center
Hubei University of Medicine,Zhongnan Hospital of Wuhan University
Hubei University of Medicine,The Ohio State University Wexner Medical Center
Zhongnan Hospital of Wuhan University,The Ohio State University Wexner Medical Center
Mahidol University,Monash University
Mahidol University,Indiana University School of Medicine
Mahidol University,Cornell University
Monash University,Indiana University School of Medicine
Monash University,Cornell University
Indiana University School of Medicine,Cornell University
Harvard University,Utrecht University Medical Center
Harvard University,Harvard Medical School
Utrecht University Medical Center,Harvard Medical School
Gunma University,The University of Tokyo
Gunma University,Harvard Medical School
Gunma University,Massachusetts Institute of Technology
The University of Tokyo,Harvard Medical School
The University of Tokyo,Massachusetts Institute of Technology
Harvard Medical School,Massachusetts Institute of Technology
Florence Careggi University Hospital,University of Rome Tor Vergata
Henan University of Science and Technology,Zhengzhou University
Henan University of Science and Technology,Xinxiang Medical University
Zhengzhou University,Xinxiang Medical University
Johns Hopkins University,Cornell University
Johns Hopkins University,Montana State University
Cornell University,Montana State University
Fudan University,Perelman School of Medicine
Fudan University,School of Basic Medical Sciences
Perelman School of Medicine,School of Basic Medical Sciences
Kanazawa University,Graduate School of Medical Sciences
Emory University School of Medicine,Emory University
Rice University,Georgia Institute of Technology
Feinberg School of Medicine,Northwestern University
Feinberg School of Medicine,Northwestern University
University of Connecticut Health Center,Perelman School of Medicine
University of Connecticut Health Center,Yale University School of Medicine
Perelman School of Medicine,Yale University School of Medicine
University of Connecticut Health Center,Perelman School of Medicine
University of Connecticut Health Center,Yale University School of Medicine
Perelman School of Medicine,Yale University School of Medicine
Ewha Womans University,Harvard Medical School
Tongji University,the Ohio State University
Tongji University,Massachusetts Institute of Technology
the Ohio State University,Massachusetts Institute of Technology
Sichuan University,Perelman School of Medicine
Sichuan University,Harvard University
Perelman School of Medicine,Harvard University
Bielefeld University,Massachusetts Institute of Technology
Chungnam National University,Hanyang University
Chungnam National University,Seoul National University
Hanyang University,Seoul National University
Pennsylvania State University,University Park
Duke University,Duke University Medical Center
Nanjing Medical University,Model Animal Research Center of Nanjing University
Shinshu University,Kagoshima University
Shinshu University,Graduate School of Medicine
Kagoshima University,Graduate School of Medicine
Massachusetts Institute of Technology,University of Hong Kong
Harvard University,Massachusetts Institute of Technology
University of Putra Malaysia,Deakin University
Osaka University,Kyoto University
Osaka University,Graduate School of Medicine
Kyoto University,Graduate School of Medicine
Hanyang University,Seoul National University
Ewha Womans University,Hanyang University
Ewha Womans University,Yonsei University College of Medicine
Ewha Womans University,Seoul National University
Hanyang University,Yonsei University College of Medicine
Hanyang University,Seoul National University
Yonsei University College of Medicine,Seoul National University
Gautam Buddha University,Michigan Technological University
Gautam Buddha University,Henan Agricultural University
Michigan Technological University,Henan Agricultural University
The University of Tokyo,Queensland University of Technology
The University of Tokyo,Graduate School of Medicine
Queensland University of Technology,Graduate School of Medicine
Morehouse School of Medicine,University of South China
University Park,North Carolina State University
University Park,The Pennsylvania State University
North Carolina State University,The Pennsylvania State University
Harvard Medical School,Massachusetts Institute of Technology
University of California San Diego,Huazhong Agricultural University
Stritch School of Medicine,Northwestern University
Stritch School of Medicine,Feinberg School of Medicine
Stritch School of Medicine,Maryville University
Stritch School of Medicine,Loyola University Chicago
Northwestern University,Feinberg School of Medicine
Northwestern University,Maryville University
Northwestern University,Loyola University Chicago
Feinberg School of Medicine,Maryville University
Feinberg School of Medicine,Loyola University Chicago
Maryville University,Loyola University Chicago
Jilin University,Yunnan Agricultural University
Shenzhen University,Aarhus University
Duke University,Duke University Medical Center
Yokohama City University Graduate School of Medicine,Yokohama City University
Tottori University,School of Veterinary Medicine
Harvard University,Harvard Medical School
Keck School of Medicine,University of Southern California
Texas Tech University Health Sciences Center,Cornell University
University of California San Francisco,University College London
City University of Hong Kong,Harvard Medical School
Central South University,School of Basic Medical Sciences
Tokai University School of Medicine,Kagoshima University
Tokai University School of Medicine,Tokyo University of Agriculture
Kagoshima University,Tokyo University of Agriculture
Massachusetts Institute of Technology,Harvard University
Massachusetts Institute of Technology,Harvard Medical School
Harvard University,Harvard Medical School
Duke University Medical Center,Massachusetts Institute of Technology
Duke University Medical Center,Harvard Medical School
Duke University Medical Center,Duke University
Duke University Medical Center,Harvard University
Massachusetts Institute of Technology,Harvard Medical School
Massachusetts Institute of Technology,Duke University
Massachusetts Institute of Technology,Harvard University
Harvard Medical School,Duke University
Harvard Medical School,Harvard University
Duke University,Harvard University
Shaanxi Normal University,Northwestern University Feinberg School of Medicine
Colorado State University,Harvard University
Colorado State University,Harvard Medical School
Harvard University,Harvard Medical School
Jilin University,Northeast Forestry University
Jilin University,Inner Mongolia Agricultural University
Northeast Forestry University,Inner Mongolia Agricultural University
National Cheng Kung University,Chang Gung University
Duke University,Duke University Medical Center
Perelman School of Medicine,Massachusetts Institute of Technology
School of Chinese Medicine,Peking University Third Hospital
The University of Oklahoma Health Sciences Center,Midwestern University
Tongji University,Guangzhou Medical University
Fudan University,Nanjing Medical University
Fudan University,Hubei University of Medicine
Fudan University,Tongji University School of Medicine
Nanjing Medical University,Hubei University of Medicine
Nanjing Medical University,Tongji University School of Medicine
Hubei University of Medicine,Tongji University School of Medicine
Duke University Medical School,Northwestern University Feinberg School of Medicine
Tongji University,Harvard University
University of Toronto and Donnelly Centre,Icahn School of Medicine at Mount Sinai
University of Toronto and Donnelly Centre,The University of Edinburgh
Icahn School of Medicine at Mount Sinai,The University of Edinburgh
University of Ulsan College of Medicine,Seoul National University
Purdue University,Chongqing University
Vilnius University,Rice University
Radboud University Medical Centre,Utrecht University
Radboud University Medical Centre,Federal University of Rio de Janeiro
Radboud University Medical Centre,San Diego State University
Utrecht University,Federal University of Rio de Janeiro
Utrecht University,San Diego State University
Federal University of Rio de Janeiro,San Diego State University
Icahn School of Medicine at Mount Sinai,Harvard Medical School
The State University of New Jersey,Dalhousie University
National Institutes of Health,University of North Carolina
Cardiff University,University Walk
University Hospital Mannheim,Heidelberg University
The Affiliated Luohu Hospital of Shenzhen University,The First Affiliated Hospital of Shenzhen University
Harvard Medical School,Harvard University
Philipps University,Justus Liebig University
The State University of New Jersey,Massachusetts Institute of Technology
Ehime University,Southwest University
the State University of New Jersey,Montana State University
the State University of New Jersey,Purdue University
Montana State University,Purdue University
Wageningen University,The State University of New Jersey
Wageningen University,Iowa State University
Wageningen University,Iowa State University Ames
The State University of New Jersey,Iowa State University
The State University of New Jersey,Iowa State University Ames
Iowa State University,Iowa State University Ames
Monash University,University of California Santa Barbara
University of New South Wales,University of Utah School of Medicine
Florida State University,Wayne State University
Harbin Medical University,Harbin Institute of Technology
South China Agricultural University,Massachusetts Institute of Technology
South China Agricultural University,Jinan University
South China Agricultural University,Kunming University of Science and Technology
Massachusetts Institute of Technology,Jinan University
Massachusetts Institute of Technology,Kunming University of Science and Technology
Jinan University,Kunming University of Science and Technology
Boston University,Harvard Medical School
Hoshi University,Interdisciplinary Graduate School of Medicine and Engineering
Hoshi University,Okayama University
Hoshi University,Hokkaido University Graduate School of Medicine
Hoshi University,Osaka University
Hoshi University,Graduate School of Medicine
Interdisciplinary Graduate School of Medicine and Engineering,Okayama University
Interdisciplinary Graduate School of Medicine and Engineering,Hokkaido University Graduate School of Medicine
Interdisciplinary Graduate School of Medicine and Engineering,Osaka University
Interdisciplinary Graduate School of Medicine and Engineering,Graduate School of Medicine
Okayama University,Hokkaido University Graduate School of Medicine
Okayama University,Osaka University
Okayama University,Graduate School of Medicine
Hokkaido University Graduate School of Medicine,Osaka University
Hokkaido University Graduate School of Medicine,Graduate School of Medicine
Osaka University,Graduate School of Medicine
Dartmouth Geisel School of Medicine,Stanford University School of Medicine
Johns Hopkins University School of Medicine,Johns Hopkins University
Johns Hopkins University School of Medicine,National Institutes of Health
Johns Hopkins University School of Medicine,Johns Hopkins University School of Medicine Baltimore
Johns Hopkins University,National Institutes of Health
Johns Hopkins University,Johns Hopkins University School of Medicine Baltimore
National Institutes of Health,Johns Hopkins University School of Medicine Baltimore
Third Military Medical University,Nanjing University
Osaka University,Kyoto University
Osaka University,Graduate School of Medicine
Kyoto University,Graduate School of Medicine
National University of Singapore,City University of Hong Kong
Peking University Health Science Center,Southern Medical University
Temple University School of Medicine,University of Pittsburgh School of Medicine
Faculty of Veterinary Medicine at Utrecht University,Massachusetts Institute of Technology
City University of Hong Kong,Harvard Medical School
Montana State University,Columbia University
The University of Tokushima,Hokkaido University
Washington University School of Medicine,Washington University
Tongji University,Harvard University
University Hospital of Essen,Huazhong University of Science and Technology
University Medical Centre Groningen,Harvard Medical School
Kyoto Prefectural University of Medicine,Kyushu University
University Hospital Mannheim,Heidelberg University
Pennsylvania State University,Nanyang Technological University
Pennsylvania State University,University Park
Nanyang Technological University,University Park
Sungkyunkwan University,Sungkyunkwan University School of Medicine
Duke University,Duke University Medical Center
Stanford University,Harvard Medical School
Stanford University,Rice University
Stanford University,Massachusetts Institute of Technology
Harvard Medical School,Rice University
Harvard Medical School,Massachusetts Institute of Technology
Rice University,Massachusetts Institute of Technology
University of British Columbia,University of Washington School of Medicine
University of British Columbia,Harvard University
University of British Columbia,Harvard Medical School
University of Washington School of Medicine,Harvard University
University of Washington School of Medicine,Harvard Medical School
Harvard University,Harvard Medical School
Temple University School of Medicine,Drexel University
Wuhan University,Temple University
Wuhan University,School of Basic Medical Sciences
Wuhan University,Wuhan University School of Medicine
Temple University,School of Basic Medical Sciences
Temple University,Wuhan University School of Medicine
School of Basic Medical Sciences,Wuhan University School of Medicine
Feinberg School of Medicine,Northwestern University
Hiroshima University,Kyushu University
Harvard Medical School,Massachusetts Institute of Technology
Shanghai Ocean University,Huazhong Agricultural University
Nanjing Medical University,Model Animal Research Center of Nanjing University
Jilin University,Nanjing University
Zhejiang University,Harvard University
Zhejiang University,Harvard Medical School
Harvard University,Harvard Medical School
Kyoto University,Hokkaido University Graduate School of Medicine
Kyoto University,Kyoto Prefectural University of Medicine
Kyoto University,Osaka University
Kyoto University,Kurume University School of Medicine
Hokkaido University Graduate School of Medicine,Kyoto Prefectural University of Medicine
Hokkaido University Graduate School of Medicine,Osaka University
Hokkaido University Graduate School of Medicine,Kurume University School of Medicine
Kyoto Prefectural University of Medicine,Osaka University
Kyoto Prefectural University of Medicine,Kurume University School of Medicine
Osaka University,Kurume University School of Medicine
Hunan Normal University,University of New Mexico School of Medicine
Chosun University,Sungkyunkwan University School of Medicine
Chosun University,Hanyang University
Sungkyunkwan University School of Medicine,Hanyang University
National Institutes of Health,Dankook University
Aarhus University Hospital,Aarhus University
Uppsala University,National Institutes of Health
Yonsei University,Brandeis University
Yonsei University,Hanyang University
Yonsei University,Yonsei University College of Medicine
Brandeis University,Hanyang University
Brandeis University,Yonsei University College of Medicine
Hanyang University,Yonsei University College of Medicine
Shanxi Agricultural University,Central South University
Duke University,Duke University Medical Center
Duke University,Hebrew University Medical Center
Columbia University Medical Center,Columbia University
University Park,The Pennsylvania State University
Massachusetts Institute of Technology,National Institutes of Health
Massachusetts Institute of Technology,Bonn Medical School
Massachusetts Institute of Technology,Harvard Medical School
Massachusetts Institute of Technology,Wageningen University
National Institutes of Health,Bonn Medical School
National Institutes of Health,Harvard Medical School
National Institutes of Health,Wageningen University
Bonn Medical School,Harvard Medical School
Bonn Medical School,Wageningen University
Harvard Medical School,Wageningen University
Zhengzhou University,University College London
Zhengzhou University,Queen Mary University of London
University College London,Queen Mary University of London
Feinberg School of Medicine,Northwestern University
Icahn School of Medicine at Mount Sinai,Columbia University
New York University,North Carolina State University
New York University,Inner Mongolia Agricultural University
New York University,Wageningen University
New York University,University College Cork
North Carolina State University,Inner Mongolia Agricultural University
North Carolina State University,Wageningen University
North Carolina State University,University College Cork
Inner Mongolia Agricultural University,Wageningen University
Inner Mongolia Agricultural University,University College Cork
Wageningen University,University College Cork
Nanyang Technological University,National University of Singapore
Copenhagen University,National Institutes of Health
Copenhagen University,North Carolina State University
Copenhagen University,Wageningen University
Copenhagen University,University of St Andrews
National Institutes of Health,North Carolina State University
National Institutes of Health,Wageningen University
National Institutes of Health,University of St Andrews
North Carolina State University,Wageningen University
North Carolina State University,University of St Andrews
Wageningen University,University of St Andrews
Massachusetts Institute of Technology,Harvard Medical School
Zhejiang Gongshang University,Zhejiang University
University Medical Center Gottingen,Stanford University School of Medicine
University Medical Center Gottingen,Harvard Medical School
University Medical Center Gottingen,Massachusetts Institute of Technology
Stanford University School of Medicine,Harvard Medical School
Stanford University School of Medicine,Massachusetts Institute of Technology
Harvard Medical School,Massachusetts Institute of Technology
Duke University,Duke University Medical Center
Yonsei University,Yonsei University College of Medicine
Heinrich Heine University Dusseldorf,Georg August University Gottingen
Hokkaido University Graduate School of Medicine,Kyushu University
Hokkaido University Graduate School of Medicine,Graduate School of Medical Sciences
Kyushu University,Graduate School of Medical Sciences
Hanyang University,Seoul National University
Qingdao University,Shihezi University
Model Animal Research Center of Nanjing University,Yulin University
Harvard Medical School,Harvard University
Harvard Medical School,Massachusetts Institute of Technology
Harvard University,Massachusetts Institute of Technology
The University of Tokyo,Keio University School of Medicine
University Medical Center Eppendorf,University Hospital and Medical Faculty Carl Gustav Carus
Peking University Health Science Center,School of Basic Medicine
The University of Tokyo,Harvard Medical School
The University of Tokyo,Harvard University
The University of Tokyo,Massachusetts Institute of Technology
Harvard Medical School,Harvard University
Harvard Medical School,Massachusetts Institute of Technology
Harvard University,Massachusetts Institute of Technology
University of North Carolina School of Medicine,North Carolina State University
North Carolina State University,East Carolina University
Fudan University,Tsinghua University
Fudan University,Huazhong Agricultural University
Tsinghua University,Huazhong Agricultural University
Ulm University Hospitals,Dresden University
Haukeland University Hospital,Harvard Medical School
The State University of New Jersey,Osaka University
The State University of New Jersey,Graduate School of Medicine
The State University of New Jersey,Kyoto University
The State University of New Jersey,Keio University School of Medicine
Osaka University,Graduate School of Medicine
Osaka University,Kyoto University
Osaka University,Keio University School of Medicine
Graduate School of Medicine,Kyoto University
Graduate School of Medicine,Keio University School of Medicine
Kyoto University,Keio University School of Medicine
Tsinghua University,Columbia University Medical Center
Tsinghua University,San Diego School of Medicine
Columbia University Medical Center,San Diego School of Medicine
University Park,The Pennsylvania State University
The Chinese University of Hong Kong,Anhui University
Shinshu University,Kagoshima University
Shinshu University,Tokai University
Shinshu University,Niigata University
Kagoshima University,Tokai University
Kagoshima University,Niigata University
Tokai University,Niigata University
Tsinghua University,Harvard Medical School
Tokai University School of Medicine,Tokai University
Tokai University School of Medicine,Kagoshima University
Tokai University,Kagoshima University
Harvard University,Harvard Medical School
Cornell University,Monash University
North Carolina State University,University College Cork
Anhui Medical University,The Genitourinary Institution of Shenzhen University
Anhui Medical University,The First Affiliated Hospital of Shenzhen University
The Genitourinary Institution of Shenzhen University,The First Affiliated Hospital of Shenzhen University
Tokyo Medical and Dental University,Tokai University
Tokyo Medical and Dental University,Osaka University
Tokai University,Osaka University
Korea University,Hanyang University
Korea University,Yonsei University College of Medicine
Korea University,Seoul National University
Hanyang University,Yonsei University College of Medicine
Hanyang University,Seoul National University
Yonsei University College of Medicine,Seoul National University
Tsinghua University,Stanford University
Guangxi University,Zhejiang University
Jeju National University,Chonnam National University
Texas Tech University Health Sciences Center,Cornell University
Massachusetts Institute of Technology,Harvard Medical School
National Institutes of Health,Massachusetts Institute of Technology
Ulm University,University Medical Center Gottingen
University of California at San Francisco,Rutgers Robert Wood Johnson University Medical School
University of California at San Francisco,Stanford University School of Medicine
Rutgers Robert Wood Johnson University Medical School,Stanford University School of Medicine
Osaka Prefecture University,Fujita Health University School of Medicine
Utrecht University,Hannover Medical School
Harvard University,Harvard Medical School
Shanghai Tech University,Perelman School of Medicine
Shanghai Tech University,University of Chinese Academy of Sciences
Perelman School of Medicine,University of Chinese Academy of Sciences
University Lung Centre Dekkerswald,Radbout University Nijmegen Medical Centre
Duke University,Duke University Medical Center
Tianjin University,Hubei University of Technology
Shinshu University,Niigata University
Shinshu University,Graduate School of Medicine
Shinshu University,Kagoshima University
Shinshu University,Tokai University
Niigata University,Graduate School of Medicine
Niigata University,Kagoshima University
Niigata University,Tokai University
Graduate School of Medicine,Kagoshima University
Graduate School of Medicine,Tokai University
Kagoshima University,Tokai University
The University of Tokyo,Kyushu University
The University of Tokyo,Okayama University
The University of Tokyo,Nara Medical University
The University of Tokyo,Keio University School of Medicine
Kyushu University,Okayama University
Kyushu University,Nara Medical University
Kyushu University,Keio University School of Medicine
Okayama University,Nara Medical University
Okayama University,Keio University School of Medicine
Nara Medical University,Keio University School of Medicine
Stony Brook University,University of New Mexico
National University of Singapore,Ghent University
Nanjing Medical University,Soochow University School of Medicine
Fudan University,School of Basic Medical Sciences
Fudan University,Zhejiang Chinese Medical University
School of Basic Medical Sciences,Zhejiang Chinese Medical University
Tokai University School of Medicine,Kagoshima University
Tokai University School of Medicine,Tokyo University of Agriculture
Kagoshima University,Tokyo University of Agriculture
Hiroshima University,Yokohama City University Graduate School of Medicine
Tongji University,Massachusetts Institute of Technology
Leiden University Medical Center,Utrecht University
Boston University,National Institutes of Health
Boston University,Harvard Medical School
Boston University,Harvard University
Boston University,Fudan University
National Institutes of Health,Harvard Medical School
National Institutes of Health,Harvard University
National Institutes of Health,Fudan University
Harvard Medical School,Harvard University
Harvard Medical School,Fudan University
Harvard University,Fudan University
Yale University,California Institute of Technology
Juntendo University,Tohoku University
Wageningen University,Ulm University
Wageningen University,University Medical Center
Ulm University,University Medical Center
Chiba University,Tokushima University
Chiba University,Graduate School of Medicine
Tokushima University,Graduate School of Medicine
Tongji University,Massachusetts Institute of Technology
Tongji University,Harvard University
Tongji University,Harvard Medical School
Massachusetts Institute of Technology,Harvard University
Massachusetts Institute of Technology,Harvard Medical School
Harvard University,Harvard Medical School
Sackler School of Medicine,Tel Aviv University
San Diego School of Medicine,Technical University of Denmark
University Hospital of Lausanne,Harvard University
University Hospital of Lausanne,University Medical Center Utrecht
University Hospital of Lausanne,Harvard Medical School
Harvard University,University Medical Center Utrecht
Harvard University,Harvard Medical School
University Medical Center Utrecht,Harvard Medical School
Vanderbilt University School of Medicine,National Institutes of Health
Vanderbilt University School of Medicine,Uppsala University
National Institutes of Health,Uppsala University
University of Michigan Comprehensive Cancer Center,Harvard University
Osaka University,Kitasato University School of Science
Tokyo University of Agriculture and Technology,Meiji University
The Rockefeller University,Massachusetts Institute of Technology
The University of Texas at Austin,University of California San Francisco
The University of Texas at Austin,University of Arkansas for Medical Sciences
University of California San Francisco,University of Arkansas for Medical Sciences
Duke University,Duke University Medical Center
Soochow University,Model Animal Research Center of Nanjing University
Tongji University,Perelman School of Medicine
Tongji University,Massachusetts Institute of Technology
Perelman School of Medicine,Massachusetts Institute of Technology
Lomonosov Moscow State University,the State University of New Jersey
Lomonosov Moscow State University,Purdue University
Lomonosov Moscow State University,Russia Pirogov Russian National Research Medical University
the State University of New Jersey,Purdue University
the State University of New Jersey,Russia Pirogov Russian National Research Medical University
Purdue University,Russia Pirogov Russian National Research Medical University
Wuhan University,Renmin Hospital of Wuhan University
Wuhan University,Huazhong University of Science and Technology
Renmin Hospital of Wuhan University,Huazhong University of Science and Technology
Umea University,Hannover Medical School
Kumamoto University,Hiroshima University
Wageningen University,University of St Andrews
Wageningen University,Umea University
University of St Andrews,Umea University
The Second Xiangya Hospital Central South University,Central South University
The Second Xiangya Hospital Central South University,University of Miami Miller School of Medicine
The Second Xiangya Hospital Central South University,Huazhong University of Science and Technology
The Second Xiangya Hospital Central South University,Fudan University
Central South University,University of Miami Miller School of Medicine
Central South University,Huazhong University of Science and Technology
Central South University,Fudan University
University of Miami Miller School of Medicine,Huazhong University of Science and Technology
University of Miami Miller School of Medicine,Fudan University
Huazhong University of Science and Technology,Fudan University
Soochow University,Washington University School of Medicine
Yokohama City University School of Medicine,Hiroshima University
Yokohama City University School of Medicine,Kwansei Gakuin University
Yokohama City University School of Medicine,Kitasato University
Hiroshima University,Kwansei Gakuin University
Hiroshima University,Kitasato University
Kwansei Gakuin University,Kitasato University
Massachusetts Institute of Technology,University Medical Center
Massachusetts Institute of Technology,Seoul National University
Massachusetts Institute of Technology,University of Utah School of Medicine
University Medical Center,Seoul National University
University Medical Center,University of Utah School of Medicine
Seoul National University,University of Utah School of Medicine
Istanbul University,Julius Maximilian University of Wurzburg
Istanbul University,Policlinico Tor Vergata University Hospital
Julius Maximilian University of Wurzburg,Policlinico Tor Vergata University Hospital
Shandong University,Columbia University
Princeton University Princeton,University of the Free State Bloemfontein
Princeton University Princeton,University of Delaware Newark
University of the Free State Bloemfontein,University of Delaware Newark
Tsinghua University,Wuhan University
Tsinghua University,Hubei University of Technology
Wuhan University,Hubei University of Technology
Griffith University,Queensland University of Technology
Pusan National University,Seoul National University
Hiroshima University,Keio University School of Medicine
Emory University School of Medicine,Emory University
Hunan University,Tsinghua University
The First Affiliated Hospital of Zhengzhou University,Tongji University
The First Affiliated Hospital of Zhengzhou University,Tongji University School of Medicine
Tongji University,Tongji University School of Medicine
Kyoto University,Graduate School of Medicine
Johns Hopkins University School of Medicine,Tsinghua University
Johns Hopkins University School of Medicine,Institute of Computing Technology
Johns Hopkins University School of Medicine,Model Animal Research Center of Nanjing University
Johns Hopkins University School of Medicine,Peking University
Tsinghua University,Institute of Computing Technology
Tsinghua University,Model Animal Research Center of Nanjing University
Tsinghua University,Peking University
Institute of Computing Technology,Model Animal Research Center of Nanjing University
Institute of Computing Technology,Peking University
Model Animal Research Center of Nanjing University,Peking University
Emory University School of Medicine,California Institute of Technology
Justus Liebig University Giessen,Georg August University
Justus Liebig University Giessen,Danish Technical University
Justus Liebig University Giessen,University Hospital Freiburg
Justus Liebig University Giessen,The Norwegian University of Life Sciences
Justus Liebig University Giessen,Free University Berlin
Georg August University,Danish Technical University
Georg August University,University Hospital Freiburg
Georg August University,The Norwegian University of Life Sciences
Georg August University,Free University Berlin
Danish Technical University,University Hospital Freiburg
Danish Technical University,The Norwegian University of Life Sciences
Danish Technical University,Free University Berlin
University Hospital Freiburg,The Norwegian University of Life Sciences
University Hospital Freiburg,Free University Berlin
The Norwegian University of Life Sciences,Free University Berlin
Danish Technical University,University Medical Center Utrecht
Danish Technical University,University Hospital of North Norway
University Medical Center Utrecht,University Hospital of North Norway
SUNY Upstate Medical University,National Institutes of Health
SUNY Upstate Medical University,Laval University
National Institutes of Health,Laval University
Uppsala University,Lund University
National University of Singapore,University of California San Diego
Sackler School of Medicine,Tel Aviv University
Massachusetts Institute of Technology,Harvard Medical School
Purdue University,Chongqing University
Nanjing Medical University,Inner Mongolia University
United Arab Emirates University,Sultan Qaboos University
United Arab Emirates University,Harvard Medical School
Sultan Qaboos University,Harvard Medical School
Fudan University,University of Missouri Kansas City
Fudan University,Nanchang University
Fudan University,University of Tennessee Health Science Center
University of Missouri Kansas City,Nanchang University
University of Missouri Kansas City,University of Tennessee Health Science Center
Nanchang University,University of Tennessee Health Science Center
National Cheng Kung University,Emory University School of Medicine
National Cheng Kung University,Kunming University of Science and Technology
Emory University School of Medicine,Kunming University of Science and Technology
Vanderbilt University School of Medicine,National Institutes of Health
Vanderbilt University School of Medicine,Vanderbilt University
National Institutes of Health,Vanderbilt University
Duke University,Duke University Medical Center
Duke University,Duke University Medical Center
Shanghai University of Traditional Chinese Medicine,University of Chinese Academy of Sciences
Suzhou Hospital Affiliated to Nanjing Medical University,David Geffen School of Medicine
Nanjing Normal University,University Park
Nanjing Normal University,The Pennsylvania State University
University Park,The Pennsylvania State University
Harvard University,Harvard Medical School
Kyushu University,Hokkaido University
National Institutes of Health,Harvard Medical School
National Institutes of Health,Harvard University
National Institutes of Health,Massachusetts Institute of Technology
Harvard Medical School,Harvard University
Harvard Medical School,Massachusetts Institute of Technology
Harvard University,Massachusetts Institute of Technology
Iowa State University,Nanjing Agricultural University
Iowa State University,Kansas State University
Nanjing Agricultural University,Kansas State University
Rush University,Brown University
Rush University,University of Vermont College of Medicine
Rush University,Harvard Medical School
Brown University,University of Vermont College of Medicine
Brown University,Harvard Medical School
University of Vermont College of Medicine,Harvard Medical School
Nanjing Medical University,Guangxi University
Nanjing Medical University,First Affiliated Hospital of Shenzhen University
Guangxi University,First Affiliated Hospital of Shenzhen University
North Carolina State University,University Hospital
University of Wisconsin Law School,Harvard Medical School
University of Wisconsin Law School,California Institute of Technology
University of Wisconsin Law School,University of Utah School of Medicine
Harvard Medical School,California Institute of Technology
Harvard Medical School,University of Utah School of Medicine
California Institute of Technology,University of Utah School of Medicine
Hiroshima University,Kyoto University
Hiroshima University,Tokyo University of Agriculture
Kyoto University,Tokyo University of Agriculture
University of New South Wales,Copenhagen University
Shanghai Jiao Tong University School of Medicine,Shanghai Jiao Tong University
Wageningen University,Delft University of Technology
Harvard Medical School,Massachusetts Institute of Technology
Tsinghua University,Peking University
Soochow University,Zhengzhou University
Soochow University,Queen Mary University of London
Zhengzhou University,Queen Mary University of London
Pennsylvania State University,University Park
Johns Hopkins University School of Medicine,National Institutes of Health
Emory University,Indiana University School of Medicine
Emory University,Indiana University Health
Indiana University School of Medicine,Indiana University Health
Fudan University,Shanghai Jiaotong University School of Medicine
Fudan University,Tongji University School of Medicine
Shanghai Jiaotong University School of Medicine,Tongji University School of Medicine
National Institutes of Health,Tel Aviv University
Sackler School of Medicine,Tel Aviv University
University Hospital of North Norway,Umea University
The University of Tokyo,Keio University School of Medicine
Pennsylvania State University,University Park
Ulm University,Charles Sturt University
Duke University,Duke University Medical Center
Stanford University,Stanford University School of Medicine
Duke University,Duke University Medical Center
Seoul National University College of Medicine,Seoul National University Graduate School
Seoul National University College of Medicine,Seoul National University
Seoul National University Graduate School,Seoul National University
Tsinghua University,Stanford University
Third Military Medical University,Model Animal Research Center of Nanjing University
Third Military Medical University,Nanjing Medical University
Third Military Medical University,Wenzhou Medical University
Model Animal Research Center of Nanjing University,Nanjing Medical University
Model Animal Research Center of Nanjing University,Wenzhou Medical University
Nanjing Medical University,Wenzhou Medical University
Fourth Military Medical University,Kyoto University
Fourth Military Medical University,Huazhong Agricultural University
Kyoto University,Huazhong Agricultural University
Graduate School of Frontier Biosciences,Akita University
Graduate School of Frontier Biosciences,Graduate School of Medicine
Graduate School of Frontier Biosciences,Osaka University
Akita University,Graduate School of Medicine
Akita University,Osaka University
Graduate School of Medicine,Osaka University
Erasmus University Medical Center,University Medical Center Groningen
The Ohio State University,New York University
Huazhong Agricultural University,Yangtz University Jinzhou 43434025
Duke University,Sapienza University
Emory University School of Medicine,Duke University Medical Center
University of Maryland Dental School,Peking University
Tsinghua University,Peking University
Texas Tech University Health Sciences Center,Cornell University
Nanjing Medical University,Model Animal Research Center of Nanjing University
Nanjing Medical University,Kunming University of Science and Technology
Model Animal Research Center of Nanjing University,Kunming University of Science and Technology
Lund University,Massachusetts General Hospital and Harvard Medical School
Lund University,Harvard University
Lund University,Harvard Medical School
Massachusetts General Hospital and Harvard Medical School,Harvard University
Massachusetts General Hospital and Harvard Medical School,Harvard Medical School
Harvard University,Harvard Medical School
Stanford University,Stanford University School of Medicine
Wageningen University,North Carolina State University
The University of Tokyo,Harvard Medical School
The University of Tokyo,Massachusetts Institute of Technology
Harvard Medical School,Massachusetts Institute of Technology
the State University of New Jersey,Purdue University
Pennsylvania State University,North Carolina State University
Pennsylvania State University,University Park
North Carolina State University,University Park
Shanghai Tech University,China West Normal University
Shanghai Tech University,Peking University
China West Normal University,Peking University
Wageningen University,University Medical Center
Masaryk University,Palacky University Olomouc
Khalifa University,Duke University Medical Center
Khalifa University,Duke University
Khalifa University,Columbia University
Duke University Medical Center,Duke University
Duke University Medical Center,Columbia University
Duke University,Columbia University
Hubei University of Technology,Stanford University
Hubei University of Technology,Tsinghua University
Hubei University of Technology,Harvard Medical School
Hubei University of Technology,Wuhan University
Stanford University,Tsinghua University
Stanford University,Harvard Medical School
Stanford University,Wuhan University
Tsinghua University,Harvard Medical School
Tsinghua University,Wuhan University
Harvard Medical School,Wuhan University
Hiroshima University,Kyoto University
Harvard Medical School,Harvard University
Wuhan University,Kunming University of Science and Technology
Harvard University,Harvard Medical School
Kyoto University,Graduate School of Medicine
Stanford University,Washington University School of Medicine
Harvard University,Harvard Medical School
University Park,Illinois Institute of Technology
University Park,The Pennsylvania State University
Illinois Institute of Technology,The Pennsylvania State University
Chicago Medical School,Rosalind Franklin University of Medicine and Science
Cairo University,North Carolina State University
Wageningen University,Chonnam National University
Massachusetts General Hospital and Harvard Medical School,Huazhong University of Science and Technology
France Paris Descartes University,The Rockefeller University
France Paris Descartes University,Harvard Medical School
The Rockefeller University,Harvard Medical School
Gyeongsang National University,Utah State University
The Rockefeller University,Massachusetts Institute of Technology
Hiroshima University,Kyoto University
Hiroshima University,Graduate School of Medicine
Kyoto University,Graduate School of Medicine
Keck School of Medicine,University of Southern California
Johns Hopkins University,National Institutes of Health
University of Texas Health Sciences Center,Zhejiang University
University of Texas Health Sciences Center,Nanjing University
University of Texas Health Sciences Center,East China Normal University
Zhejiang University,Nanjing University
Zhejiang University,East China Normal University
Nanjing University,East China Normal University
Harvard University,Massachusetts Institute of Technology
Fudan University Shanghai Cancer Center,Nanyang Technological University
Fudan University Shanghai Cancer Center,Stanford University School of Medicine
Fudan University Shanghai Cancer Center,Fudan University
Fudan University Shanghai Cancer Center,Shanghai Medical School
Nanyang Technological University,Stanford University School of Medicine
Nanyang Technological University,Fudan University
Nanyang Technological University,Shanghai Medical School
Stanford University School of Medicine,Fudan University
Stanford University School of Medicine,Shanghai Medical School
Fudan University,Shanghai Medical School
Ohio State University,Massachusetts Institute of Technology
Utah State University,Shihezi University
Massachusetts General Hospital and Harvard Medical School,Harvard Medical School
National University of Singapore,National University Health System
Tokyo Medical and Dental University,Kyoto University
Tokyo Medical and Dental University,Graduate School of Medicine
Kyoto University,Graduate School of Medicine
Harvard Medical School,Massachusetts Institute of Technology
New York University Langone School of Medicine,University of Pennsylvania Perelman School of Medicine
Texas Christian University,Stanford University School of Medicine
City University of New York,Harvard Medical School
Leiden University Medical Center,University Medical Center Freiburg
National Taiwan University College of Life Science,National Taiwan University College of Medicine
National Taiwan University College of Life Science,National Taiwan University Hospital
National Taiwan University College of Medicine,National Taiwan University Hospital
Soochow University,Model Animal Research Center of Nanjing University
Tsinghua University,Wuhan University
Tsinghua University,Hubei University of Technology
Wuhan University,Hubei University of Technology
Duke University,Duke University Medical Center
Second Military Medical University,Zhejiang University School of Medicine
Wageningen University,Montana State University
National University of Ireland,North Carolina State University
Radboud University,Federal University of Rio de Janeiro
Radboud University,Cairo University
Radboud University,San Diego State University
Federal University of Rio de Janeiro,Cairo University
Federal University of Rio de Janeiro,San Diego State University
Cairo University,San Diego State University
Temple University School of Medicine,Sichuan University
Temple University School of Medicine,Case Western Reserve University
Sichuan University,Case Western Reserve University
The Rockefeller University,Umea University
Hiroshima University,The University of Tokushima
Hiroshima University,The University of Tokushima Graduate School
The University of Tokushima,The University of Tokushima Graduate School
University Medical Centre Rotterdam,Emory University School of Medicine
University Medical Centre Rotterdam,Duke University Medical Center
University Medical Centre Rotterdam,Emory University
University Medical Centre Rotterdam,Georgia State University
Emory University School of Medicine,Duke University Medical Center
Emory University School of Medicine,Emory University
Emory University School of Medicine,Georgia State University
Duke University Medical Center,Emory University
Duke University Medical Center,Georgia State University
Emory University,Georgia State University
Tsinghua University,Zhejiang University
Duke University,Duke University Medical Center
Montana State University,Georgia Institute of Technology
Medical School,The Chinese University of Hong Kong
Johns Hopkins University School of Medicine,University of California at San Diego
Harvard University,Harvard Medical School
National Institutes of Health,Xiamen University
Kyoto University,Graduate School of Medicine
Massachusetts Institute of Technology,Harvard Medical School
Korea University,Yonsei University College of Medicine
Korea University,Seoul National University
Yonsei University College of Medicine,Seoul National University
New York University School of Medicine,Ruhr University Bochum
Wageningen University,Montana State University
Harvard University,Massachusetts Institute of Technology
Massachusetts Institute of Technology,Harvard Medical School
Harvard University,Harvard Medical School
Emory University School of Medicine,Georgia Institute of Technology
Central South University,Shanghai Jiao Tong University
Leiden University Medical Center,University Medical Center Utrecht
Stanford University,Texas Tech University Health Sciences Center
Tsinghua University,Massachusetts Institute of Technology
Yale University New Haven,University of Connecticut Storrs
Yale University New Haven,University of Seville Seville
Yale University New Haven,Yale School of Medicine
University of Connecticut Storrs,University of Seville Seville
University of Connecticut Storrs,Yale School of Medicine
University of Seville Seville,Yale School of Medicine
The Rockefeller University,North Carolina State University
Ulm University,Goethe University
Harvard University,Massachusetts Institute of Technology
University of California Los Angeles,Icahn School of Medicine at Mount Sinai
National Institutes of Health,Umea University
Hanyang University,Seoul National University
Osaka University,Graduate School of Medicine
Hanyang University,Seoul National University
The University of Tokyo,Harvard University
The University of Tokyo,Massachusetts Institute of Technology
Harvard University,Massachusetts Institute of Technology
Zhejiang University,National Institutes of Health
Zhejiang University,The Chinese University of Hong Kong
National Institutes of Health,The Chinese University of Hong Kong
Jilin University,Northeast Forestry University
Nanjing Medical University,Model Animal Research Center of Nanjing University
Pennsylvania State University,University Park
Peking University Shenzhen Graduate School,Peking University
Sackler School of Medicine,Tel Aviv University
Gunma University,Osaka University
Kyoto University,Graduate School of Medicine
Hunan Normal University,Nanjing Medical University
Hunan Normal University,Northeast Agricultural University of China
Nanjing Medical University,Northeast Agricultural University of China
Emory University School of Medicine,Emory University
University of California at Los Angeles,David Geffen School of Medicine
National Institutes of Health,Umea University
University Park,The Pennsylvania State University
University Park,The Pennsylvania State University
Emory University School of Medicine,Emory University
Emory University School of Medicine,Emory University
University Park,The Pennsylvania State University
Harvard University,Massachusetts Institute of Technology
Pennsylvania State University,University Park
University Park,The Pennsylvania State University
University Park,The Pennsylvania State University
The Rockefeller University,Massachusetts Institute of Technology
The Rockefeller University,Harvard Medical School
Massachusetts Institute of Technology,Harvard Medical School
Pennsylvania State University,University Park
University Park,The Pennsylvania State University
Northwestern University,Medical School
Sackler School of Medicine,Tel Aviv University
Sackler School of Medicine,Tel Aviv University
Sackler School of Medicine,Tel Aviv University
Pennsylvania State University,University Park
Sackler School of Medicine,Tel Aviv University
University Park,The Pennsylvania State University
University Park,The Pennsylvania State University
Sackler School of Medicine,Tel Aviv University
